<?xml version="1.0" encoding="UTF-8" standalone="yes" ?>
<cp:coreProperties xmlns:cp="http://schemas.openxmlformats.org/package/2006/metadata/core-properties" xmlns:dc="http://purl.org/dc/elements/1.1/" xmlns:dcmitype="http://purl.org/dc/dcmitype/" xmlns:dcterms="http://purl.org/dc/terms/" xmlns:xsi="http://www.w3.org/2001/XMLSchema-instance">
  <cp:category>model</cp:category>
  <dcterms:created xsi:type="dcterms:W3CDTF">2023-03-10T12:45:06Z</dcterms:created>
  <dc:creator>local_adm</dc:creator>
  <dc:description></dc:description>
  <cp:lastModifiedBy>local_adm</cp:lastModifiedBy>
  <dcterms:modified xsi:type="dcterms:W3CDTF">2023-03-10T12:53:54Z</dcterms:modified>
  <cp:revision>1.1</cp:revision>
  <cp:version>R2021b</cp:version>
</cp:coreProperties>
