<?xml version="1.0" encoding="utf-8"?>
<System>
  <P Name="Location">[2248, 91, 3638, 978]</P>
  <P Name="SystemRect">[0.000000, 0.000000, 0.000000, 0.000000]</P>
  <P Name="SetExecutionDomain">off</P>
  <P Name="ExecutionDomainType">Deduce</P>
  <P Name="ZoomFactor">133</P>
  <P Name="ReportName">simulink-default.rpt</P>
  <P Name="SIDHighWatermark">39</P>
  <P Name="SimulinkSubDomain">Simulink</P>
  <Block BlockType="SubSystem" Name="4_level_dwt" SID="7">
    <P Name="Ports">[2, 5]</P>
    <P Name="Position">[300, 128, 495, 222]</P>
    <P Name="ZOrder">265</P>
    <P Name="ForegroundColor">red</P>
    <P Name="BackgroundColor">green</P>
    <P Name="RequestExecContextInheritance">off</P>
    <P Name="ContentPreviewEnabled">on</P>
    <System Ref="system_7"/>
  </Block>
  <Block BlockType="Constant" Name="Constant" SID="6">
    <P Name="Position">[215, 130, 245, 160]</P>
    <P Name="ZOrder">264</P>
    <P Name="Value">0</P>
    <P Name="OutDataTypeStr">fixdt(0,4,0)</P>
    <P Name="SampleTime">-1</P>
  </Block>
  <Block BlockType="Reference" Name="Counter&#xA;Free-Running" SID="18">
    <P Name="Ports">[0, 1]</P>
    <P Name="Position">[105, 175, 135, 205]</P>
    <P Name="ZOrder">268</P>
    <P Name="LibraryVersion">1.488</P>
    <P Name="SourceBlock">simulink/Sources/Counter
Free-Running</P>
    <P Name="SourceType">Counter Free-Running</P>
    <P Name="SourceProductBaseCode">SL</P>
    <InstanceData>
      <P Name="RTWMemSecFuncInitTerm">Inherit from model</P>
      <P Name="RTWMemSecFuncExecute">Inherit from model</P>
      <P Name="RTWMemSecDataConstants">Inherit from model</P>
      <P Name="RTWMemSecDataInternal">Inherit from model</P>
      <P Name="RTWMemSecDataParameters">Inherit from model</P>
      <P Name="ContentPreviewEnabled">off</P>
      <P Name="NumBits">10</P>
      <P Name="tsamp">1</P>
    </InstanceData>
  </Block>
  <Block BlockType="Scope" Name="Scope" SID="5">
    <P Name="Ports">[2]</P>
    <P Name="Position">[560, 78, 600, 202]</P>
    <P Name="ZOrder">263</P>
    <P Name="ScopeSpecificationString">C++SS(StrPVP(&apos;Location&apos;,&apos;[741, 89, 1137, 518]&apos;),StrPVP(&apos;Open&apos;,&apos;off&apos;),StrPVP(&apos;ZoomMode&apos;,&apos;yonly&apos;),MxPVP(&apos;AxesTitles&apos;,54,&apos;struct(&apos;&apos;axes1&apos;&apos;,&apos;&apos;%&lt;SignalLabel&gt;&apos;&apos;,&apos;&apos;axes2&apos;&apos;,&apos;&apos;%&lt;SignalLabel&gt;&apos;&apos;)&apos;),MxPVP(&apos;ScopeGraphics&apos;,57,&apos;struct(&apos;&apos;FigureColor&apos;&apos;,&apos;&apos;[0.5 0.5 0.5]&apos;&apos;,&apos;&apos;AxesColor&apos;&apos;,&apos;&apos;[0 0 0]&apos;&apos;,&apos;&apos;AxesTickColor&apos;&apos;,&apos;&apos;[1 1 1]&apos;&apos;,&apos;&apos;LineColors&apos;&apos;,&apos;&apos;[1 1 0;1 0 1;0 1 1;1 0 0;0 1 0;0 0 1]&apos;&apos;,&apos;&apos;LineStyles&apos;&apos;,&apos;&apos;-|-|-|-|-|-&apos;&apos;,&apos;&apos;LineWidths&apos;&apos;,&apos;&apos;[0.5 0.5 0.5 0.5 0.5 0.5]&apos;&apos;,&apos;&apos;MarkerStyles&apos;&apos;,&apos;&apos;none|none|none|none|none|none&apos;&apos;)&apos;),StrPVP(&apos;TimeRange&apos;,&apos;10&apos;),StrPVP(&apos;YMin&apos;,&apos;0~0&apos;),StrPVP(&apos;YMax&apos;,&apos;10~10&apos;),StrPVP(&apos;LimitDataPoints&apos;,&apos;on&apos;),StrPVP(&apos;DataFormat&apos;,&apos;Array&apos;),StrPVP(&apos;DataLoggingDecimation&apos;,&apos;1&apos;),StrPVP(&apos;BlockParamSampleInput&apos;,&apos;off&apos;),StrPVP(&apos;DataLoggingDecimation&apos;,&apos;1&apos;),StrPVP(&apos;DataLoggingDecimation&apos;,&apos;1&apos;),StrPVP(&apos;Decimation&apos;,&apos;1&apos;))</P>
    <P Name="NumInputPorts">2</P>
    <P Name="Floating">off</P>
  </Block>
  <Line>
    <P Name="ZOrder">11</P>
    <P Name="Src">6#out:1</P>
    <P Name="Points">[18, 0; 0, 10]</P>
    <P Name="Dst">7#in:1</P>
  </Line>
  <Line>
    <P Name="ZOrder">26</P>
    <P Name="Src">18#out:1</P>
    <P Name="Points">[36, 0]</P>
    <Branch>
      <P Name="ZOrder">36</P>
      <P Name="Points">[0, -80]</P>
      <P Name="Dst">5#in:1</P>
    </Branch>
    <Branch>
      <P Name="ZOrder">31</P>
      <P Name="Points">[0, 10]</P>
      <P Name="Dst">7#in:2</P>
    </Branch>
  </Line>
  <Line>
    <P Name="ZOrder">27</P>
    <P Name="Src">7#out:1</P>
    <P Name="Points">[28, 0; 0, 35]</P>
    <P Name="Dst">5#in:2</P>
  </Line>
  <Annotation SID="28">
    <P Name="Name">&lt;!DOCTYPE HTML PUBLIC &quot;-//W3C//DTD HTML 4.0//EN&quot; &quot;http://www.w3.org/TR/REC-html40/strict.dtd&quot;&gt;
&lt;html&gt;&lt;head&gt;&lt;meta name=&quot;qrichtext&quot; content=&quot;1&quot; /&gt;&lt;style type=&quot;text/css&quot;&gt;
p, li { white-space: pre-wrap; }
&lt;/style&gt;&lt;/head&gt;&lt;body style=&quot; font-family:&apos;Helvetica&apos;; font-size:10px; font-weight:400; font-style:normal;&quot;&gt;
&lt;p style=&quot; margin-top:0px; margin-bottom:0px; margin-left:0px; margin-right:0px; -qt-block-indent:0; text-indent:0px;&quot;&gt;&lt;span style=&quot; font-weight:600; color:#7030a0;&quot;&gt;Note: &lt;/span&gt;&lt;span style=&quot; font-size:10px;&quot;&gt;This model is configured with &apos;&lt;/span&gt;&lt;span style=&quot; font-size:10px; font-weight:600; color:#7030a0;&quot;&gt;hdlsetup&lt;/span&gt;&lt;span style=&quot; font-size:10px;&quot;&gt;&apos;&lt;/span&gt;&lt;/p&gt;&lt;/body&gt;&lt;/html&gt;</P>
    <P Name="Position">[100, 33, 307, 47]</P>
    <P Name="InternalMargins">[0, 0, 0, 0]</P>
    <P Name="HorizontalAlignment">left</P>
    <P Name="VerticalAlignment">top</P>
    <P Name="Interpreter">rich</P>
    <P Name="ZOrder">-1</P>
  </Annotation>
  <Annotation SID="27">
    <P Name="Name">&lt;!DOCTYPE HTML PUBLIC &quot;-//W3C//DTD HTML 4.0//EN&quot; &quot;http://www.w3.org/TR/REC-html40/strict.dtd&quot;&gt;
&lt;html&gt;&lt;head&gt;&lt;meta name=&quot;qrichtext&quot; content=&quot;1&quot; /&gt;&lt;style type=&quot;text/css&quot;&gt;
p, li { white-space: pre-wrap; }
&lt;/style&gt;&lt;/head&gt;&lt;body style=&quot; font-family:&apos;Helvetica&apos;; font-size:10px; font-weight:400; font-style:normal;&quot;&gt;
&lt;p style=&quot; margin-top:0px; margin-bottom:0px; margin-left:0px; margin-right:0px; -qt-block-indent:0; text-indent:0px;&quot;&gt;&lt;span style=&quot; font-size:10px;&quot;&gt;Add your design targeted for ASIC/FPGA inside HDL_DUT and then run the following command:&lt;/span&gt;&lt;/p&gt;
&lt;p align=&quot;center&quot; style=&quot; margin-top:0px; margin-bottom:0px; margin-left:0px; margin-right:0px; -qt-block-indent:0; text-indent:0px;&quot;&gt;&lt;span style=&quot; font-size:10px; font-weight:600; color:#ff0000;&quot;&gt;makehdl(&apos;HDL_DUT&apos;)&lt;/span&gt;&lt;/p&gt;&lt;/body&gt;&lt;/html&gt;</P>
    <P Name="Position">[184, 247, 610, 273]</P>
    <P Name="InternalMargins">[0, 0, 0, 0]</P>
    <P Name="HorizontalAlignment">left</P>
    <P Name="VerticalAlignment">top</P>
    <P Name="Interpreter">rich</P>
    <P Name="ZOrder">-2</P>
  </Annotation>
</System>
