<?xml version="1.0" encoding="utf-8"?>
<System>
  <P Name="Location">[2248, 91, 3638, 978]</P>
  <P Name="SystemRect">[0.000000, 0.000000, 0.000000, 0.000000]</P>
  <P Name="Open">on</P>
  <P Name="SetExecutionDomain">off</P>
  <P Name="ExecutionDomainType">Deduce</P>
  <P Name="SimulinkSubDomain">Simulink</P>
  <Block BlockType="Inport" Name="s_in" SID="35">
    <P Name="Position">[-15, 43, 15, 57]</P>
    <P Name="ZOrder">-1</P>
  </Block>
  <Block BlockType="Inport" Name="enable" SID="37">
    <P Name="Position">[-15, 88, 15, 102]</P>
    <P Name="ZOrder">1</P>
    <P Name="Port">2</P>
  </Block>
  <Block BlockType="DiscreteFilter" Name="Discrete Filter" SID="39">
    <P Name="Ports">[1, 1]</P>
    <P Name="Position">[115, 32, 175, 68]</P>
    <P Name="ZOrder">3</P>
    <P Name="InputPortMap">u0</P>
  </Block>
  <Block BlockType="Outport" Name="D" SID="36">
    <P Name="Position">[270, 8, 300, 22]</P>
    <P Name="ZOrder">-2</P>
  </Block>
  <Block BlockType="Outport" Name="A" SID="38">
    <P Name="Position">[270, 98, 300, 112]</P>
    <P Name="ZOrder">2</P>
    <P Name="Port">2</P>
  </Block>
</System>
