<?xml version="1.0" encoding="utf-8"?>
<System>
  <P Name="Location">[2248, 91, 3638, 978]</P>
  <P Name="SystemRect">[0.000000, 0.000000, 0.000000, 0.000000]</P>
  <P Name="SetExecutionDomain">off</P>
  <P Name="ExecutionDomainType">Deduce</P>
  <P Name="ZoomFactor">175</P>
  <P Name="SimulinkSubDomain">Simulink</P>
  <Block BlockType="Inport" Name="signal_in" SID="8">
    <P Name="Position">[60, 63, 90, 77]</P>
    <P Name="ZOrder">263</P>
  </Block>
  <Block BlockType="Inport" Name="enable" SID="9">
    <P Name="Position">[60, 108, 90, 122]</P>
    <P Name="ZOrder">264</P>
    <P Name="Port">2</P>
  </Block>
  <Block BlockType="SubSystem" Name="1_level_dwt" SID="34">
    <P Name="Ports">[2, 2]</P>
    <P Name="Position">[210, 64, 310, 106]</P>
    <P Name="ZOrder">270</P>
    <P Name="RequestExecContextInheritance">off</P>
    <P Name="ContentPreviewEnabled">on</P>
    <System Ref="system_34"/>
  </Block>
  <Block BlockType="Outport" Name="A4" SID="10">
    <P Name="Position">[480, 88, 510, 102]</P>
    <P Name="ZOrder">265</P>
    <P Name="VectorParamsAs1DForOutWhenUnconnected">off</P>
  </Block>
  <Block BlockType="Outport" Name="D4" SID="30">
    <P Name="Position">[480, 128, 510, 142]</P>
    <P Name="ZOrder">266</P>
    <P Name="Port">2</P>
    <P Name="VectorParamsAs1DForOutWhenUnconnected">off</P>
  </Block>
  <Block BlockType="Outport" Name="D3" SID="31">
    <P Name="Position">[480, 168, 510, 182]</P>
    <P Name="ZOrder">267</P>
    <P Name="Port">3</P>
    <P Name="VectorParamsAs1DForOutWhenUnconnected">off</P>
  </Block>
  <Block BlockType="Outport" Name="D2" SID="32">
    <P Name="Position">[480, 208, 510, 222]</P>
    <P Name="ZOrder">268</P>
    <P Name="Port">4</P>
    <P Name="VectorParamsAs1DForOutWhenUnconnected">off</P>
  </Block>
  <Block BlockType="Outport" Name="D1" SID="33">
    <P Name="Position">[480, 248, 510, 262]</P>
    <P Name="ZOrder">269</P>
    <P Name="Port">5</P>
    <P Name="VectorParamsAs1DForOutWhenUnconnected">off</P>
  </Block>
</System>
