<?xml version="1.0" encoding="UTF-8"?>
<sltp_editor version="1.1" packageUris="http://schema.mathworks.com/mf0/DiagramEditor/R2019a_20181107 http://schema.mathworks.com/mf0/SltpSyntax/R2021b_202101212121">
  <sltp.mm.syntax.Context type="sltp.mm.syntax.Context" uuid="3dd31d1d-26f7-4d08-b3d2-fec688b010a8">
    <rootGraph type="sltp.mm.syntax.Graph" uuid="2788351d-aada-453b-abe7-7c0eb83b1396">
      <priorityDirection>HighNumberFirst</priorityDirection>
      <title>Default</title>
      <diagramElement type="diagram.editor.model.Diagram" uuid="2820597e-0ef7-4535-82d7-727a428beab7"/>
    </rootGraph>
  </sltp.mm.syntax.Context>
  <diagram.editor.model.Diagram type="diagram.editor.model.Diagram" uuid="2820597e-0ef7-4535-82d7-727a428beab7">
    <syntaxElement type="sltp.mm.syntax.Graph" uuid="2788351d-aada-453b-abe7-7c0eb83b1396"/>
    <title>Default</title>
    <type>graph.Graph</type>
  </diagram.editor.model.Diagram>
</sltp_editor>