<?xml version="1.0" encoding="UTF-8"?>
<sltp_graph version="1.1" packageUris="http://schema.mathworks.com/mf0/sltp_mm/R2021b_202106150630">
  <sltp.mm.core.Context type="sltp.mm.core.Context" uuid="1e4fbbbd-36c4-4d3e-8314-c8f2bd1384e5">
    <editorState type="sltp.mm.core.EditorState" uuid="1d8872f9-dda7-4a93-b826-421c7d1993f5">
      <panelState type="sltp.mm.core.EditorPanelState" uuid="eb0cf6fa-065f-4d28-8638-ff3700b251cf"/>
    </editorState>
    <rootTask type="sltp.mm.core.Task" uuid="cdc6bd97-8eb1-46ef-949a-ef67e60c55b5">
      <context type="sltp.mm.core.Context" uuid="1e4fbbbd-36c4-4d3e-8314-c8f2bd1384e5"/>
      <explicit>false</explicit>
      <name>Default</name>
      <priority>-2147483648</priority>
      <subgraph type="sltp.mm.core.Graph" uuid="e50aecd8-1555-421b-b90e-5aafb769ada9"/>
    </rootTask>
  </sltp.mm.core.Context>
</sltp_graph>